<?xml version="1.0" encoding="UTF-8"?>
<metadata xml:lang="tr"><Esri><CreaDate>20211213</CreaDate><CreaTime>12594100</CreaTime><ArcGISFormat>1.0</ArcGISFormat><SyncOnce>TRUE</SyncOnce><DataProperties><lineage><Process ToolSource="C:\R-ArcGIS-LSM_ToolPack-master\LSM Tool Pack.tbx\PerformanceEvaluator" Date="20211213" Time="125941">PerformanceEvaluator C:\sample-data\randomForest_model\rf_model.tif;C:\sample-data\svm_model\svm_model.tif;C:\sample-data\xgBoost_mode\xgBoost_model.tif C:\sample-data\validationData.tif Quantile 4 # C:\sample-data\performance_results\perf_stat_report.xls C:\sample-data\performance_results\models_roc.tif</Process></lineage></DataProperties></Esri></metadata>
