<PAMDataset>
  <PAMRasterBand band="1">
    <Histograms>
      <HistItem>
        <HistMin>0</HistMin>
        <HistMax>5.267858028411865</HistMax>
        <BucketCount>256</BucketCount>
        <IncludeOutOfRange>1</IncludeOutOfRange>
        <Approximate>0</Approximate>
        <HistCounts>14179|0|0|0|0|0|0|0|0|0|0|0|0|0|0|0|0|0|0|0|0|0|0|0|0|0|0|0|0|0|0|0|0|44825|0|0|0|0|0|0|0|0|0|0|0|0|0|0|0|0|0|0|0|36990|0|0|0|0|0|0|0|0|0|0|0|0|0|16098|0|0|0|0|0|0|0|0|0|20817|0|0|0|0|0|0|0|0|21255|0|0|0|0|0|0|0|16816|0|0|0|0|0|14044|0|0|0|0|0|11700|0|0|0|0|9601|0|0|0|0|7706|0|0|0|6204|0|0|0|4934|0|0|3894|0|0|0|3016|0|0|2462|0|0|2010|0|1670|0|0|1355|0|0|1142|0|984|0|854|0|762|0|588|0|595|0|520|0|463|0|430|0|355|335|0|300|270|0|261|224|0|198|204|173|0|185|149|117|87|99|0|108|80|65|65|75|65|47|40|63|52|37|74|36|19|28|23|35|17|18|10|31|10|18|6|9|13|10|6|6|3|8|6|0|5|1|2|3|10|4|3|3|2|3|1|0|1|0|1|1|0|1|1|0|0|1|1|0|0|0|0|0|0|0|0|0|0|0|0|0|0|1|0|0|1</HistCounts>
      </HistItem>
    </Histograms>
    <Metadata>
      <MDI key="STATISTICS_COVARIANCES">0.6576789987728359</MDI>
      <MDI key="STATISTICS_EXCLUDEDVALUES"></MDI>
      <MDI key="STATISTICS_MAXIMUM">5.2678580284119</MDI>
      <MDI key="STATISTICS_MEAN">1.5858528047447</MDI>
      <MDI key="STATISTICS_MINIMUM">0</MDI>
      <MDI key="STATISTICS_SKIPFACTORX">1</MDI>
      <MDI key="STATISTICS_SKIPFACTORY">1</MDI>
      <MDI key="STATISTICS_STDDEV">0.81097410487193</MDI>
    </Metadata>
  </PAMRasterBand>
</PAMDataset>
