<PAMDataset>
  <PAMRasterBand band="1">
    <Histograms>
      <HistItem>
        <HistMin>0</HistMin>
        <HistMax>5.411645889282227</HistMax>
        <BucketCount>256</BucketCount>
        <IncludeOutOfRange>1</IncludeOutOfRange>
        <Approximate>0</Approximate>
        <HistCounts>225035|0|0|0|0|0|0|0|0|0|0|0|0|0|0|0|0|0|0|0|0|0|0|0|0|0|0|0|0|0|0|0|17521|0|0|0|0|0|0|0|0|0|0|0|0|0|0|0|0|0|0|3227|0|0|0|0|0|0|0|0|0|0|0|0|0|1345|0|0|0|0|0|0|0|0|0|655|0|0|0|0|0|0|0|0|382|0|0|0|0|0|0|238|0|0|0|0|0|163|0|0|0|0|0|109|0|0|0|0|124|0|0|0|70|0|0|0|0|88|0|0|81|0|0|0|66|0|0|38|0|0|50|0|0|52|0|0|35|0|53|0|0|38|0|28|0|29|0|23|0|41|0|25|0|20|0|19|0|18|22|0|13|19|0|12|13|0|16|12|19|0|13|13|7|11|17|0|15|5|7|7|6|9|6|10|3|8|7|9|7|6|5|5|3|7|4|9|5|3|9|1|2|1|5|2|4|3|1|6|0|0|0|1|4|3|0|0|4|2|3|1|2|3|2|0|1|1|2|2|1|2|0|0|4|3|0|1|2|0|2|0|2|3|1|1|1|0|0|0|1|1|1|1|0|1|0|1</HistCounts>
      </HistItem>
    </Histograms>
    <Metadata>
      <MDI key="STATISTICS_COVARIANCES">0.1241720207762463</MDI>
      <MDI key="STATISTICS_EXCLUDEDVALUES"></MDI>
      <MDI key="STATISTICS_MAXIMUM">5.4116458892822</MDI>
      <MDI key="STATISTICS_MEAN">0.097874328873637</MDI>
      <MDI key="STATISTICS_MINIMUM">0</MDI>
      <MDI key="STATISTICS_SKIPFACTORX">1</MDI>
      <MDI key="STATISTICS_SKIPFACTORY">1</MDI>
      <MDI key="STATISTICS_STDDEV">0.35238050567</MDI>
    </Metadata>
  </PAMRasterBand>
</PAMDataset>
