<?xml version="1.0" encoding="UTF-8"?>
<metadata xml:lang="tr"><Esri><CreaDate>20211213</CreaDate><CreaTime>12522400</CreaTime><ArcGISFormat>1.0</ArcGISFormat><SyncOnce>TRUE</SyncOnce><DataProperties><lineage><Process ToolSource="C:\R-ArcGIS-LSM_ToolPack-master\LSM Tool Pack.tbx\XGBoost" Date="20211213" Time="125224">XGBoost C:\sample-data\Feature_weighting\RasterStack_RF_weighted.tif C:\sample-data\Feature_weighting\RasterStack_RF_weighted.csv "Sample Ratio" 70 50 0,6 0,75 C:\sample-data\trainData.tif C:\sample-data\xgBoost_mode\xgBoost_roc.tif C:\sample-data\xgBoost_mode\xgBoost_stat.xls C:\sample-data\xgBoost_mode\xgBoost_tree.png C:\sample-data\xgBoost_mode\xgBoost_model.tif</Process></lineage></DataProperties></Esri></metadata>
