<?xml version="1.0" encoding="UTF-8"?>
<metadata xml:lang="tr"><Esri><CreaDate>20211213</CreaDate><CreaTime>12175700</CreaTime><ArcGISFormat>1.0</ArcGISFormat><SyncOnce>TRUE</SyncOnce><DataProperties><lineage><Process ToolSource="C:\R-ArcGIS_Feature-Engineering_ToolPack-main\FeatureEngineering.tbx\FrekansOrani2" Date="20211213" Time="121757">FrekansOrani2 C:\sample-data\featureSelection_output\aspect.tif;C:\sample-data\featureSelection_output\elevation.tif;C:\sample-data\featureSelection_output\lithology.tif;C:\sample-data\featureSelection_output\lulc.tif;C:\sample-data\featureSelection_output\slope.tif;C:\sample-data\featureSelection_output\slopelenght.tif;C:\sample-data\featureSelection_output\tpi.tif;C:\sample-data\featureSelection_output\twi.tif Quantile 8 1 C:\sample-data\inventoryShape\landslide.shp # C:\sample-data\frequency_ratio\FR_Scores.xls C:\sample-data\frequency_ratio\FR_Stack.tif</Process></lineage></DataProperties></Esri></metadata>
