<?xml version="1.0" encoding="UTF-8"?>
<metadata xml:lang="tr"><Esri><CreaDate>20211213</CreaDate><CreaTime>12413600</CreaTime><ArcGISFormat>1.0</ArcGISFormat><SyncOnce>TRUE</SyncOnce><DataProperties><lineage><Process ToolSource="C:\R-ArcGIS-LSM_ToolPack-master\LSM Tool Pack.tbx\RandomForest2" Date="20211213" Time="124136">RandomForest2 C:\sample-data\Feature_weighting\RasterStack_RF_weighted.tif C:\sample-data\Feature_weighting\RasterStack_RF_weighted.csv C:\sample-data\trainData.tif 70 4 500 5 C:\sample-data\randomForest_model\rf_roc.tif C:\sample-data\randomForest_model\rf_tree.tif C:\sample-data\randomForest_model\rf_importance_stat.xls C:\sample-data\randomForest_model\rf_model.tif</Process></lineage></DataProperties></Esri></metadata>
