<PAMDataset>
  <PAMRasterBand band="1">
    <Histograms>
      <HistItem>
        <HistMin>15</HistMin>
        <HistMax>255</HistMax>
        <BucketCount>256</BucketCount>
        <IncludeOutOfRange>1</IncludeOutOfRange>
        <Approximate>0</Approximate>
        <HistCounts>16341|0|0|0|0|0|0|0|0|0|0|0|0|0|0|2903|0|0|0|0|0|0|0|0|0|0|0|0|0|0|0|186|0|0|0|0|0|0|0|0|0|0|0|0|0|0|0|116148|0|0|0|0|0|0|0|0|0|0|0|0|0|0|0|6953|0|0|0|0|0|0|0|0|0|0|0|0|0|0|0|3049|0|0|0|0|0|0|0|0|0|0|0|0|0|0|0|0|0|0|0|0|0|0|0|0|0|0|0|0|0|0|0|1623|0|0|0|0|0|0|0|0|0|0|0|0|0|0|0|46004|0|0|0|0|0|0|0|0|0|0|0|0|0|0|0|471|0|0|0|0|0|0|0|0|0|0|0|0|0|0|0|0|0|0|0|0|0|0|0|0|0|0|0|0|0|0|0|9366|0|0|0|0|0|0|0|0|0|0|0|0|0|0|0|0|0|0|0|0|0|0|0|0|0|0|0|0|0|0|0|0|0|0|0|0|0|0|0|0|0|0|0|0|0|0|0|41650|0|0|0|0|0|0|0|0|0|0|0|0|0|0|0|0|0|0|0|0|0|0|0|0|0|0|0|0|0|0|0|5306</HistCounts>
      </HistItem>
    </Histograms>
  </PAMRasterBand>
</PAMDataset>
