<?xml version="1.0" encoding="UTF-8"?>
<metadata xml:lang="tr"><Esri><CreaDate>20211213</CreaDate><CreaTime>12473500</CreaTime><ArcGISFormat>1.0</ArcGISFormat><SyncOnce>TRUE</SyncOnce><DataProperties><lineage><Process ToolSource="C:\R-ArcGIS-LSM_ToolPack-master\LSM Tool Pack.tbx\SupportVectorMachines" Date="20211213" Time="124735">SupportVectorMachines C:\sample-data\Feature_weighting\RasterStack_RF_weighted.tif C:\sample-data\Feature_weighting\RasterStack_RF_weighted.csv "Sample Ratio" 70 Radial 1 0,3 0 0,05 C:\sample-data\trainData.tif C:\sample-data\svm_model\svm_roc.tif C:\sample-data\svm_model\svm_model.tif</Process></lineage></DataProperties></Esri></metadata>
