<?xml version="1.0" encoding="UTF-8"?>
<metadata xml:lang="tr"><Esri><CreaDate>20211213</CreaDate><CreaTime>12091000</CreaTime><ArcGISFormat>1.0</ArcGISFormat><SyncOnce>TRUE</SyncOnce><DataProperties><lineage><Process ToolSource="C:\R-ArcGIS_Feature-Engineering_ToolPack-main\FeatureEngineering.tbx\ORS2" Date="20211213" Time="120910">ORS2 C:\sample-data\splitV2\splitted\splitaspect.tif;C:\sample-data\splitV2\splitted\splitelevation.tif;C:\sample-data\splitV2\splitted\splitlithology.tif;C:\sample-data\splitV2\splitted\splitlulc.tif;C:\sample-data\splitV2\splitted\splitslope.tif;C:\sample-data\splitV2\splitted\splitslopelenght.tif;C:\sample-data\splitV2\splitted\splittpi.tif;C:\sample-data\splitV2\splitted\splittwi.tif Random_Forest C:\sample-data\trainData.tif C:\sample-data\Feature_weighting\RasterStack_RF_weighted.tif C:\sample-data\Feature_weighting\RF_weights_report.xls</Process></lineage></DataProperties></Esri></metadata>
